Name,Tags,Organisations_Id,Organisations_Noms,Field 5,Organisations copy
Administratif,"Marchés,Subventions,Budget,Comptes","784237539,213801855,200040715,200071140,240300491,200072080,241501139,200066637,200057958,243000643,216401026,852356583,217701697,241800507,216504407,200070787,246500573,226500015,216001446,200041317,217901917,213601594,244000865,216301135,246300701,239710015,200083525,200056380,219200441,215904285,200053403,244500203,217804517,200059889,217801232,217805316,130011224,210600045,219105731,384452611,210400016,211300017,218100048,215600016,220400014,220600019,254003304,213000102,214900078,244900015,216400242,220900013,215900176,200050714,221000052,221100019,213100332,217100148,200053767,218400075,213400229,213500135,215500299,226700011,245400601,214400103,213400278,200064699,215600115,216201087,212400378,212500565,214400137,213100696,214100182,214700312,217700376,219400041,219100864,213300635,243300316,219200128,242900314,233500016,213500408,217700533,214000564,200033025,200010700,243600327,200030385,244400610,244400644,248300493,200067205,242500361,243500782,200071892,200069821,247100589,200069110,200059228,247600596,241700434,200065928,200069532,200042174,200069425,200066009,200056232,200067254,243500741,241700640,200069409,200066058,243100633,245701222,248400053,247800584,219400165,211401187,221401185,215600305,214900540,221500010,211100763,213400583,213101355,244900882,247600539,241400415,200072098,200039204,246900740,248400236,200065894,240300756,200071199,242900744,200068377,241300375,263300626,234500023,217700673,215101015,217300656,217700798,221600018,213600448,214400400,213400773,217701226,232000018,222200016,217001817,217701390,200069854,200084952,227900016,210400701,218801413,214400525,222500019,200057974,222800013,246700488,210700886,214400574,211402714,213101876,211300397,218300614,213401110,219502689,223200015,‎187609110,223300013,200052264,775701253,775700198,214400673,214400699,212200703,223100017,220500011,200053742,229200506,223400011,237500079,223600016,259401099,219200409,214400301,218501914,211703004,212203855,218802585,215600982,212201131,213401292,213401342,219101797,213400906,217603513,214401200,219300456,217702513,216901165,211403662,224400028,224100016,224500017,219103454,215601212,224600015,200067460,224900019,225005024,219400470,219200474,215903501,219103405,215903600,211300553,211300561,225300011,216205633,213103419,200054807,200046977,245900410,200030195,219200482,213401573,212001630,213401649,212503882,213103757,213401698,214401036,213401722,243400017,219300480,225600014,225700012,216802249,213401797,215403957,214401093,244400404,215801945,210600888,225800010,218902781,219400520,217703370,200024933,200053791,226000016,244500468,214401143,216802538,217500016,234400034,200048965,215601543,213401987,213303183,213402027,200013746,212201875,219400595,213502271,218601946,212902209,217703735,213402175,218301000,226300010,226400018,226600013,215601865,217805175,213502362,213502388,243500139,212106173,213503311,213503345,248300543,213105554,243100518,243700754,213805179,200072064,219200755,219106317,228400016,219300779,215900093,213403371,213402274,211202023,213104581,212902399,219300647,215905126,219200631,214401515,213002371,213904782,218301125,213402498,213402563,213402597,213502776,213502818,213402704,214401689,218804219,216902882,213304330,213502883,214401762,214401846,214401853,214002792,215602327,210206660,215602392,213502941,213402951,227300019,229300082,227605409,216500595,246500482,200069300,214200594","APUR, GRENOBLE, GRENOBLE ALPES METROPOLE, CA MOULINS COMMUNAUTE, CC DU PAYS DE LAPALISSE, CC DU PAYS DE SAINT ELOY, CC DU PAYS DE SALERS, CC HAUTES TERRES COMMUNAUTE, PARIS VALLEE DE MARNE, NIMES METROPOLE, BAYONNE, BROU SUR CHANTEREINE, EMERAINVILLE, BOURGES PLUS AGGLOMERATION, TARBES, CC PLATEAU DE LANNEMEZAN, CC AURE ET LOURON, HAUTES PYRENEES, CHELLES, NIORT AGGLOMERATION, NIORT, LE POINCONNET, CC MAREMNE ADOUR COTE-SUD (CCMACS), CLERMONT-FERRAND, CLERMONT-FERRAND METROPOLE, GUADELOUPE, EVRY COURCOURONNES, CA PLAINE VALLEE, LEVALLOIS, NEUVILLE-SAINT-REMY, NORMANDIE, CA MONTARGOISE ET RIVE DU LOING, NEZEL, CU GRAND PARIS SEINE & OISE (GPSEO), CARRIERES-SOUS-POISSY, ROSNY-SUR-SEINE, DDT TARN ET GARONNE, ANTIBES JUAN LES PINS, SAINT PIERRE DU PERRAY, ADICO SMI OISE, AIGLUN, AIX EN PROVENCE, ALBI, ALLAIRE, ALPES DE HAUTE PROVENCE, ALPES MARITIMES, ALPI 40 LANDE , ANDUZE, ANGERS, ANGERS LOIRE METROPOLE, ANGLET, ARIEGE, ARMENTIERES, ATD 36 INDRE, AUBE, AUDE, AUTERIVE, AUTUN, AUVERGNE RHONE ALPES, AVIGNON, BAILLARGUES, BAINS SUR OUST, BAR LE DUC, BAS RHIN, BASSIN DE POMPEY, BATZ SUR MER, BEAULIEU, BEAUSSAIS SUR MER, BEGANNE, BERCK SUR MER, BERGERAC, BESANCON, BESNE, BLAGNAC, BLOIS, BOE, BOIS LE ROI, BOISSY SAINT LEGER, BONDOUFLE, BORDEAUX, BORDEAUX METROPOLE, BOULOGNE BILLANCOURT, BREST METROPOLE, BRETAGNE, BRETEIL, BRIE COMTE ROBERT, BROCAS LES FORGES, CA BAR LE DUC SUD MEUSE, CA CAUX VALLEE DE SEINE, CA CHATEAUROUX METROPOLE, CA DE BLOIS, CA DE LA PRESQU'ILE DE GUERANDE ATLANTIQUE, CA DE LA REGION NAZAIRIENNE ET DE L'ESTUAIRE, CA DRACENIE PROVENCE VERDON AGGLOMERATION, CA DU COTENTIN, CA DU GRAND BESANCON, CA DU PAYS DE SAINT MALO, CA DU SAINT QUENTINOIS, CA FECAMP CAUX LITTORAL AGGLOMERATION, CA GRAND CHALON, CA GRAND CHAMBERY AGGLOMERATION, CA GRAND PARIS SUD SEINE ESSONNE SENART, CA HAVRAISE, CA LA ROCHELLE, CA LANNION TREGOR COMMUNAUTE, CA LISIEUX NORMANDIE, CA LORIENT AGGLOMERATION, CA MONT SAINT MICHEL NORMANDIE, CA MULHOUSE ALSACE AGGLOMERATION, CA PARIS SACLAY, CA PAU BEARN PYRENEES, CA REDON AGGLOMERATION, CA ROYAN ATLANTIQUE, CA SAINT BRIEUC ARMOR AGGLOMERATION, CA SAINT LOUIS AGGLOMERATION, CA SICOVAL, CA VAL DE FENSCH, CA VENTOUX COMTAT VENAISSIN, CA VERSAILLES GRAND PARC, CACHAN, CAEN, CALVADOS, CAMOEL, CANDE, CANTAL, CASTELNAUDARY, CASTRIES, CAZERES SUR GARONNE, CC BAUGEOIS VALLEE, CC CAUX ESTUAIRE, CC COEUR COTE FLEURIE, CC COMBRAILLES SIOULE ET MORGE, CC DE LACQ-ORTHEZ , CC DU PAYS MORNANTAIS, CC DU PAYS REUNI D'ORANGE, CC FOREZ EST, CC PAYS DE CHEVAGNES, CC PLAINE LIMAGNE, CC POHER COMMUNAUTE, CC PORTE DES VOSGES MERIDIONALES, CC VALLEE DES BAUX ALPILLES, CCAS BORDEAUX, CENTRE VAL DE LOIRE, CESSON, CHALONS EN CHAMPAGNE, CHAMBERY, CHAMPAGNE SUR SEINE, CHARENTE, CHATEAUROUX, CHEMERE, CLAPIERS, COMBS LA VILLE, CORSE, COTES D'ARMOR, COURCUIRE, COURTRY, CU DU GRAND POITIERS, CU LE HAVRE SEINE METROPOLE, DEUX SEVRES, DIGNE LES BAINS, DOMBROT SUR VAIR, DONGES, DOUBS, EPT GRAND PARIS SEINE OUEST (GPSO - T3), EURE ET LOIR, EUROMETROPOLE DE STRASBOURG, FAUGERES, FEGREAC, FLEURY SUR ORNE, FONSORBES, FOS SUR MER, FREJUS, GANGES, GARGES-LES-GONESSE, GERS, GIP SEINE AVAL, GIRONDE, GRAND EST, GRAND PORT MARITIME DE ROUEN, GRAND PORT MARITIME DU HAVRE, GUEMENE PENFAO, GUERANDE, GUINGUAMP, HAUTE GARONNE, HAUTES ALPES, HAUTS DE FRANCE, HAUTS DE SEINE, HERAULT, ILE DE FRANCE, INDRE, INFOCOM'94, ISSY LES MOULINEAUX, LA CHAPELLE DES MARAIS, LA ROCHE SUR YON, LA ROCHELLE, LA VICOMTE SUR RANCE, LAMARCHE, LANESTER, LANNION, LATTES, LAVERUNE, LE COUDRAY MONTCEAUX, LE CRES, LE HAVRE, LE PELLERIN, LES LILAS, LIEUSAINT, LIMONEST, LISIEUX, LOIRE ATLANTIQUE, LOIR ET CHER, LOIRET, LONGJUMEAU, LORIENT, LOT, LOUDEAC COMMUNAUTE, MAINE ET LOIRE, MANCHE, MANDRE LES ROSES, MARNES LA COQUETTE, LILLE, LISSES, LOOS, MARSEILLE, MARTIGUES, MAYENNE, MAZINGARBE, MERVILLE, METROPOLE AIX MARSEILLE PROVENCE, METROPOLE DE LYON, METROPOLE EUROPEENNE DE LILLE, METROPOLE NICE COTE D'AZUR, MEUDON, MEZE, MONACIA D'AULLENE, MONTAUD, MONTBELIARD, MONTESQUIEU VOLVESTRE, MONTFERRIER SUR LEZ, MONTOIR DE BRETAGNE, MONTPELLIER, MONTPELLIER MEDITERRANEE METROPOLE, MONTREUIL, MORBIHAN, MOSELLE, MULHOUSE, MURVIEL LES MONTPELLIER, NANCY, NANTES, NANTES METROPOLE, NEVERS, NICE, NIEVRE, NOE, NOGENT SUR MARNE, NOISIEL, NOUVELLE CALEDONIE GOUVERNEMENT, OCCITANIE, OISE, ORLEANS METROPOLE, ORVAULT, OTTMARSHEIM, PARIS, PAYS DE LA LOIRE, PAYS DE SAINT BRIEUC, PEILLAC, PEROLS, PESSAC, PIGNAN, PIRAE, PLERIN, PLESSIS TREVISE, PLEUMELEUC, POITIERS, PONT L'ABBE, PONTAULT-COMBAULT, PRADES LE LEZ, PUGET VILLE, PUY DE DOME, PYRENEES ATLANTIQUES, PYRENEES ORIENTALES, QUIBERON, RAMBOUILLET, REDON, RENNES, RENNES METROPOLE, TALANT, TALENSAC, THORIGNE FOUILLARD, TOULON PROVENCE MEDITERRANEE, TOULOUSE, TOULOUSE METROPOLE, TOURS METROPOLE VAL DE LOIRE, TULLINS, VAL DE CHER CONTROIS, VANVES, VARENNES JARCY, VAUCLUSE, VILLEMOMBLE, VILLENEUVE D'ASCQ, VILLENEUVE LES MAGUELONE, RESTINCLIERES, RODEZ, ROQUES, ROSCOFF, ROSNY SOUS BOIS, ROUBAIX, RUEIL MALMAISON, SAINT ANDRE DES EAUX, SAINT BRES, SAINT CLAUDE, SAINT CYR SUR MER , SAINT DREZERY, SAINT GENIES DES MOURGUES, SAINT GEORGES D'ORQUES, SAINT GONLAY, SAINT JACQUES DE LA LANDE, SAINT JEAN DE VEDAS, SAINT JOACHIM, SAINT JULIEN , SAINT LAURENT DE MURE, SAINT LOUBES, SAINT MALO, SAINT MALO DE GUERSAC, SAINT NAZAIRE, SAINT NICOLAS DE REDON, SAINT PAUL LES DAX, SAINT PERREUX, SAINT QUENTIN, SAINT VINCENT SUR OUST, SAINTE MARIE, SAUSSAN, SAVOIE, SEINE SAINT DENIS, SEINE MARITIME, BAGNERES DE BIGORRE, CC HAUTE-BIGORRE, TARBES LOURDES PYRENEES, CHAZELLES-SUR-LYON",,
Agriculture,,"481611135,212001630,252106620","EUSKAL HERRIKO LABORANTZA GANBARA, MONACIA D'AULLENE, PNR DU MORVAN",,
Citoyenneté,"Elections,Délibérations,Concertation,Etat Civil","213801855,200040715,213803828,200066637,216001446,200058006,216301135,200053403,217801232,210600045,213500010,217300086,218100048,220400014,220600019,214900078,244900015,216400242,213100225,217100148,218400075,213400229,200064699,212500565,213100696,214100182,214700312,219100864,213300635,243300316,219200128,242900314,233500016,213500408,214000564,200010700,200030385,244400610,244400644,200068989,200067205,242500361,200071892,200069821,247100589,247600596,241700434,200065928,200042174,200066009,200056232,200067254,243500741,200069409,200066058,243100633,245701222,248400053,247800584,219400165,211401187,221401185,215600305,214900540,213101132,213101181,213101355,244900882,247600539,241400415,200039204,240500439,246900740,246000566,200069086,240300756,242900744,200066884,243100773,241300375,243100658,263300626,234500023,213500515,217300656,216900407,217700798,221600018,221700016,200064483,213600448,217801463,219200227,214400400,219400199,218300424,217701226,215901521,232000018,222200016,217701317,217701390,200069854,200084952,210400701,214400525,222500019,218300507,212801344,215901968,200057974,219102258,246700488,210700886,215600586,222900011,214200958,211402714,213101876,211300397,218300614,213401110,223200015,223300013,214400699,223100017,229200506,223400011,214400723,237500079,223600016,219200409,211300470,214400558,215901430,214400301,213502032,218501914,211703004,218301265,212203855,215600982,212201131,219101797,214400491,217603513,214401200,214401358,219300456,217702513,216901165,211403662,224400028,224500017,219103454,215601212,224600015,200013704,225005024,219400470,215903501,219103405,215903600,211300553,211300561,225300011,216205633,213103419,200054807,200046977,245900410,200030195,200039865,219200482,213401573,213103450,210102521,212001630,214001927,214401036,213401722,243400017,219300480,216802249,215403957,214401093,244400404,215801945,210600888,225800010,219400520,217703370,200024933,213503642,200053791,226000016,211201769,244500468,214401143,217500016,234400034,200048965,213303183,200013746,219400595,213502271,218601946,217703735,214401325,218301000,226400018,217805175,213502388,243500139,213305220,213503311,213503345,248300543,213105554,243100518,243700754,228400016,219200771,219300779,219105210,216802785,217703909,219300647,215905126,214401515,212105407,215602061,317032993,217805514,213502776,213502818,214401689,213304330,213502883,214401762,217104454,213804214,214401838,214401846,214002792,210206660,227100013,212405203,217704451,227300019,213403017,229300082,227605409,214200594","GRENOBLE, GRENOBLE ALPES METROPOLE, SAINT EGREVE, CC HAUTES TERRES COMMUNAUTE, CHELLES, ETP GRAND PARIS SUD EST AVENIR (GPSEA - T11), CLERMONT-FERRAND, NORMANDIE, CARRIERES-SOUS-POISSY, ANTIBES JUAN LES PINS, ACIGNE, AIX LES BAINS, ALBI, ALPES DE HAUTE PROVENCE, ALPES MARITIMES, ANGERS, ANGERS LOIRE METROPOLE, ANGLET, AUCAMVILLE, AUTUN, AVIGNON, BAILLARGUES, BEAUSSAIS SUR MER, BESANCON, BLAGNAC, BLOIS, BOE, BONDOUFLE, BORDEAUX, BORDEAUX METROPOLE, BOULOGNE BILLANCOURT, BREST METROPOLE, BRETAGNE, BRETEIL, BROCAS LES FORGES, CA CAUX VALLEE DE SEINE, CA DE BLOIS, CA DE LA PRESQU'ILE DE GUERANDE ATLANTIQUE, CA DE LA REGION NAZAIRIENNE ET DE L'ESTUAIRE, CA DINAN AGGLOMERATION, CA DU COTENTIN, CA DU GRAND BESANCON, CA DU SAINT QUENTINOIS, CA FECAMP CAUX LITTORAL AGGLOMERATION, CA GRAND CHALON, CA HAVRAISE, CA LA ROCHELLE, CA LANNION TREGOR COMMUNAUTE, CA LORIENT AGGLOMERATION, CA MULHOUSE ALSACE AGGLOMERATION, CA PARIS SACLAY, CA PAU BEARN PYRENEES, CA REDON AGGLOMERATION, CA SAINT BRIEUC ARMOR AGGLOMERATION, CA SAINT LOUIS AGGLOMERATION, CA SICOVAL, CA VAL DE FENSCH, CA VENTOUX COMTAT VENAISSIN, CA VERSAILLES GRAND PARC, CACHAN, CAEN, CALVADOS, CAMOEL, CANDE, CASTANET TOLOSAN, CASTELNAU D'ESTRETEFONDS, CAZERES SUR GARONNE, CC BAUGEOIS VALLEE, CC CAUX ESTUAIRE, CC COEUR COTE FLEURIE, CC DE LACQ-ORTHEZ , CC DU BRIANCONNAIS, CC DU PAYS MORNANTAIS, CC DU PLATEAU PICARD, CC LEFF ARMOR, CC PAYS DE CHEVAGNES, CC POHER COMMUNAUTE, CC QUERCY VERT AVEYRON, CC VAL AIGO, CC VALLEE DES BAUX ALPILLES, CC VOLVESTRE, CCAS BORDEAUX, CENTRE VAL DE LOIRE, CESSON SEVIGNE, CHAMBERY, CHAMPAGNE AU MONT D'OR, CHAMPAGNE SUR SEINE, CHARENTE, CHARENTE MARITIME, CHATEAUGIRON, CHATEAUROUX, CHATOU, CHAVILLE, CHEMERE, CHENNEVIERES SUR MARNE, COGOLIN, COMBS LA VILLE, COMINES, CORSE, COTES D'ARMOR, COULOMMIERS, COURTRY, CU DU GRAND POITIERS, CU LE HAVRE SEINE METROPOLE, DIGNE LES BAINS, DONGES, DOUBS, DRAGUIGNAN, DREUX, ENNETIERES EN WEPPES, EPT GRAND PARIS SEINE OUEST (GPSO - T3), ETIOLLES, EUROMETROPOLE DE STRASBOURG, FAUGERES, FEREL, FINISTERE, FIRMINY, FLEURY SUR ORNE, FONSORBES, FOS SUR MER, FREJUS, GANGES, GERS, GIRONDE, GUERANDE, HAUTE GARONNE, HAUTS DE SEINE, HERAULT, HERBIGNAC, ILE DE FRANCE, INDRE, ISSY LES MOULINEAUX, ISTRES, LA BAULE ESCOUBLAC, LA CHAPELLE D'ARMENTIERES, LA CHAPELLE DES MARAIS, LA NOUAYE, LA ROCHE SUR YON, LA ROCHELLE, LA SEYNE SUR MER, LA VICOMTE SUR RANCE, LANESTER, LANNION, LE COUDRAY MONTCEAUX, LE CROISIC, LE HAVRE, LE PELLERIN, LE POULIGUEN, LES LILAS, LIEUSAINT, LIMONEST, LISIEUX, LOIRE ATLANTIQUE, LOIRET, LONGJUMEAU, LORIENT, LOT, MAHINA, MANCHE, MANDRE LES ROSES, LILLE, LISSES, LOOS, MARSEILLE, MARTIGUES, MAYENNE, MAZINGARBE, MERVILLE, METROPOLE AIX MARSEILLE PROVENCE, METROPOLE DE LYON, METROPOLE EUROPEENNE DE LILLE, METROPOLE NICE COTE D'AZUR, METZ METROPOLE, MEUDON, MEZE, MIREMONT, MOGNENEINS, MONACIA D'AULLENE, MONT DE MARSAN , MONTOIR DE BRETAGNE, MONTPELLIER, MONTPELLIER MEDITERRANEE METROPOLE, MONTREUIL, MULHOUSE, NANCY, NANTES, NANTES METROPOLE, NEVERS, NICE, NIEVRE, NOGENT SUR MARNE, NOISIEL, NOUVELLE CALEDONIE GOUVERNEMENT, NOYAL CHATILLON SUR SEICHE, OCCITANIE, OISE, ONET LE CHATEAU, ORLEANS METROPOLE, ORVAULT, PARIS, PAYS DE LA LOIRE, PAYS DE SAINT BRIEUC, PESSAC, PIRAE, PLESSIS TREVISE, PLEUMELEUC, POITIERS, PONTAULT-COMBAULT, PORNICHET, PUGET VILLE, PYRENEES ATLANTIQUES, RAMBOUILLET, RENNES, RENNES METROPOLE, TALENCE, TALENSAC, THORIGNE FOUILLARD, TOULON PROVENCE MEDITERRANEE, TOULOUSE, TOULOUSE METROPOLE, TOURS METROPOLE VAL DE LOIRE, VAUCLUSE, VILLE D'AVRAY, VILLEMOMBLE, RIS ORANGIS, RIXHEIM, ROISSY-EN-BRIE, ROSNY SOUS BOIS, ROUBAIX, SAINT ANDRE DES EAUX, SAINT APOLLINAIRE, SAINT AVE, SAEMES, SAINT GERMAIN EN LAYE, SAINT GONLAY, SAINT JACQUES DE LA LANDE, SAINT JOACHIM, SAINT LOUBES, SAINT MALO, SAINT MALO DE GUERSAC, SAINT MARCEL, SAINT MARTIN D'HERES, SAINT MOLF, SAINT NAZAIRE, SAINT PAUL LES DAX, SAINT QUENTIN, SAONE ET LOIRE, SARLAT LA CANEDA, SAVIGNY LE TEMPLE, SAVOIE, SETE, SEINE SAINT DENIS, SEINE MARITIME, CHAZELLES-SUR-LYON",,
Culture,"Musées,Cinémas,Médiathèque","784237539,305350795,213801855,200040715,213803828,503486870,314549262,243000643,216401026,200058006,216301135,246300701,200056380,219200441,200059889,217802172,210600045,210400016,218100048,220400014,220600019,214900078,244900015,216400242,451366611,220700017,447740036,219200045,218400075,215500299,200064699,212200042,212400378,213100696,219100864,213300635,243300316,242900314,233500016,200033025,200006682,200010700,243600327,200030385,200068989,248400251,200059228,247600596,200065928,200042174,200066009,200069409,200066058,248400053,247800584,219400165,221401185,241400415,200039204,200069086,242900744,234500023,221600018,219200227,219400199,232000018,200069854,200084952,210400701,200057974,200058014,222702292,211402714,213101843,241600253,215600784,223100017,220500011,223400011,237500079,223800012,219200409,211300470,218501914,211703004,212203855,219300456,224400028,224100016,224500017,215601212,200067460,219200474,215903501,215903600,211300553,211300561,200060010,200046977,245900410,200030195,219200482,213401722,243400017,219300480,225600014,225700012,216802249,215403957,214401093,210600888,200024933,200053791,244500468,217500016,234400034,217604974,212201875,214401283,200054252,212202048,218601946,213803174,200012490,218301000,213502388,243500139,248300543,213105554,243100518,200072064,219300779,219105210,213104581,215905126,219200631,212202782,213502883,213804214,210206660,528139876,229300082,227605409","APUR, ARCADE, GRENOBLE, GRENOBLE ALPES METROPOLE, SAINT EGREVE, LE MOTIF - OBSERVATOIRE DU LIVRE ET DE L'ECRIT, MUSIQUE ET DANSE EN LOIRE ATLANTIQUE, NIMES METROPOLE, BAYONNE, ETP GRAND PARIS SUD EST AVENIR (GPSEA - T11), CLERMONT-FERRAND, CLERMONT-FERRAND METROPOLE, CA PLAINE VALLEE, LEVALLOIS, CU GRAND PARIS SEINE & OISE (GPSEO), EPONE, ANTIBES JUAN LES PINS, AIGLUN, ALBI, ALPES DE HAUTE PROVENCE, ALPES MARITIMES, ANGERS, ANGERS LOIRE METROPOLE, ANGLET, ARCADI ILE DE FRANCE, ARDECHE, ARL PACA, ASNIERES SUR SEINE, AVIGNON, BAR LE DUC, BEAUSSAIS SUR MER, BEGARD, BERGERAC, BLAGNAC, BONDOUFLE, BORDEAUX, BORDEAUX METROPOLE, BREST METROPOLE, BRETAGNE, CA BAR LE DUC SUD MEUSE, CA BEAUNE COTE ET SUD, CA CAUX VALLEE DE SEINE, CA CHATEAUROUX METROPOLE, CA DE BLOIS, CA DINAN AGGLOMERATION, CA GRAND AVIGNON, CA GRAND PARIS SUD SEINE ESSONNE SENART, CA HAVRAISE, CA LANNION TREGOR COMMUNAUTE, CA LORIENT AGGLOMERATION, CA MULHOUSE ALSACE AGGLOMERATION, CA SAINT BRIEUC ARMOR AGGLOMERATION, CA SAINT LOUIS AGGLOMERATION, CA VENTOUX COMTAT VENAISSIN, CA VERSAILLES GRAND PARC, CACHAN, CALVADOS, CC COEUR COTE FLEURIE, CC DE LACQ-ORTHEZ , CC LEFF ARMOR, CC POHER COMMUNAUTE, CENTRE VAL DE LOIRE, CHARENTE, CHAVILLE, CHENNEVIERES SUR MARNE, CORSE, CU DU GRAND POITIERS, CU LE HAVRE SEINE METROPOLE, DIGNE LES BAINS, EPT GRAND PARIS SEINE OUEST (GPSO - T3), ETP GRAND ORLY SEINE BIEVRE (T12), EURE, FLEURY SUR ORNE, FLOURENS, GRAND ANGOULEME, GUIDEL, HAUTE GARONNE, HAUTES ALPES, HERAULT, ILE DE FRANCE, ISERE, ISSY LES MOULINEAUX, ISTRES, LA ROCHE SUR YON, LA ROCHELLE, LA VICOMTE SUR RANCE, LES LILAS, LOIRE ATLANTIQUE, LOIR ET CHER, LOIRET, LORIENT, LOUDEAC COMMUNAUTE, MARNES LA COQUETTE, LILLE, LOOS, MARSEILLE, MARTIGUES, MAUGES COMMUNAUTE, METROPOLE DE LYON, METROPOLE EUROPEENNE DE LILLE, METROPOLE NICE COTE D'AZUR, MEUDON, MONTPELLIER, MONTPELLIER MEDITERRANEE METROPOLE, MONTREUIL, MORBIHAN, MOSELLE, MULHOUSE, NANCY, NANTES, NICE, NOUVELLE CALEDONIE GOUVERNEMENT, OCCITANIE, ORLEANS METROPOLE, PARIS, PAYS DE LA LOIRE, PETIT COURONNE, PLERIN, PLESSE, PLOEUC L'HERMITAGE, PLOEZAL, POITIERS, PONT DE CLAIX, PROVINCE SUD - NOUVELLE CALEDONIE, PUGET VILLE, RENNES, RENNES METROPOLE, TOULON PROVENCE MEDITERRANEE, TOULOUSE, TOULOUSE METROPOLE, VAL DE CHER CONTROIS, VILLEMOMBLE, RIS ORANGIS, ROQUES, ROUBAIX, RUEIL MALMAISON, SAINT BRIEUC, SAINT MALO, SAINT MARTIN D'HERES, SAINT QUENTIN, SARTHE DEVELOPPEMENT, SEINE SAINT DENIS, SEINE MARITIME",,
Economie,"Aide,Prêt,Economie,Action Coeur de Ville","243000643,216401026,200041317,217901917,200058006,246300701,239710015,200053403,200059889,217802172,219105731,306966110,487977985,200053767,213400229,215500299,200064699,219100864,213300635,243300316,200053726,233500016,200041630,241300417,200030385,244400610,200056232,200067254,243100633,248400053,213400575,248400236,200069086,243500550,248400319,242900744,217300656,213400773,217701226,213400872,245900428,219102258,210600599,211402714,223300013,213401169,223100017,200053742,775684483,237500079,219200409,213401201,213401235,239740012,218501914,211703004,213401292,213401342,213400906,217603513,216901165,224400028,224100016,793698705,225005024,219200474,211300553,200060010,200054807,200046977,200030195,210102521,216802249,244400404,200053759,200024933,200053791,217500016,234400034,200049690,212201719,213502271,218601946,200033736,200012490,213502388,243500139,219200755,219200771,219105210,219300647,219200631,214002818,219200714,216500595","NIMES METROPOLE, BAYONNE, NIORT AGGLOMERATION, NIORT, ETP GRAND PARIS SUD EST AVENIR (GPSEA - T11), CLERMONT-FERRAND METROPOLE, GUADELOUPE, NORMANDIE, CU GRAND PARIS SEINE & OISE (GPSEO), EPONE, SAINT PIERRE DU PERRAY, ADEUPa, ARDTA, AUVERGNE RHONE ALPES, BAILLARGUES, BAR LE DUC, BEAUSSAIS SUR MER, BONDOUFLE, BORDEAUX, BORDEAUX METROPOLE, BOURGOGNE FRANCHE COMTE, BRETAGNE, CA ARDENNE METROPOLE, CA ARLES CRAU CAMARGUE MONTAGNETTE, CA DE BLOIS, CA DE LA PRESQU'ILE DE GUERANDE ATLANTIQUE, CA PARIS SACLAY, CA PAU BEARN PYRENEES, CA SICOVAL, CA VENTOUX COMTAT VENAISSIN, CASTELNAU LE LEZ, CC DU PAYS REUNI D'ORANGE, CC LEFF ARMOR, CC MONFORT COMMUNAUTE, CC PAYS DES SORGUES MONTS DE VAUCLUSE, CC POHER COMMUNAUTE, CHAMBERY, CLAPIERS, COMBS LA VILLE, COURNONSEC, CU DE DUNKERQUE, ETIOLLES, EZE, FLEURY SUR ORNE, GIRONDE, GRABELS, HAUTE GARONNE, HAUTS DE FRANCE, IAU ILE DE FRANCE, ILE DE FRANCE, ISSY LES MOULINEAUX, JACOU, JUVIGNAC, LA REUNION, LA ROCHE SUR YON, LA ROCHELLE, LATTES, LAVERUNE, LE CRES, LE HAVRE, LIMONEST, LOIRE ATLANTIQUE, LOIR ET CHER, LOIRE ATLANTIQUE DEVELOPPEMENT, MANCHE, MARNES LA COQUETTE, MARSEILLE, MAUGES COMMUNAUTE, METROPOLE AIX MARSEILLE PROVENCE, METROPOLE DE LYON, METROPOLE NICE COTE D'AZUR, MOGNENEINS, MULHOUSE, NANTES METROPOLE, NOUVELLE AQUITAINE, NOUVELLE CALEDONIE GOUVERNEMENT, OCCITANIE, PARIS, PAYS DE LA LOIRE, PETR PAYS MIDI QUERCY, PLAINTEL, PLEUMELEUC, POITIERS, POLE METROPOLITAIN DU PAYS DE BREST, PROVINCE SUD - NOUVELLE CALEDONIE, RENNES, RENNES METROPOLE, VANVES, VILLE D'AVRAY, RIS ORANGIS, ROSNY SOUS BOIS, RUEIL MALMAISON, SAINT PIERRE DU MONT, SCEAUX, BAGNERES DE BIGORRE",,
Education,"Collèges,Universités,Enseignement","213801855,200040715,213803828,200071140,200066637,216401026,225900018,241800507,226500015,219200441,215904285,200059889,217805316,221100019,200053767,218400075,213100449,215500299,200064699,214100182,219400041,219100864,243300316,200053726,242900314,233500016,213500408,243600327,200030385,200066876,200023737,200071892,200069052,200059228,247600596,200065928,200042174,200066009,200066058,243100633,245701222,248400053,247800584,219400165,221401185,221500010,247600539,241400415,240300756,242900744,234500023,213500515,221600018,219200227,222200016,217701317,245900428,200084952,215901968,200057974,222702292,222900011,223200015,223300013,775700198,223100017,220500011,200053742,229200506,223400011,775684483,237500079,223500018,259401099,223800012,219200409,211300470,239740012,211703004,215600982,213400906,217603513,214401200,219300456,217702513,224400028,219103454,215601212,224900019,225005024,219400470,215903501,211300553,216205633,200046977,245900410,200030195,212001630,213401722,219300480,225600014,216802249,214401093,244400404,210600888,200053759,200053791,211201769,244500468,217500016,234400034,212201875,212202154,218601946,226300010,213502388,243500139,213305220,213503311,248300543,213105554,243100518,243700754,228300018,219200771,216802710,216802785,211202023,210601043,215905126,219200631,219740115,213502818,213502883,219400678,213804214,214401846,214002792,212405203,219200722,229300082,227605409,213105414","GRENOBLE, GRENOBLE ALPES METROPOLE, SAINT EGREVE, CA MOULINS COMMUNAUTE, CC HAUTES TERRES COMMUNAUTE, BAYONNE, NORD, BOURGES PLUS AGGLOMERATION, HAUTES PYRENEES, LEVALLOIS, NEUVILLE-SAINT-REMY, CU GRAND PARIS SEINE & OISE (GPSEO), ROSNY-SUR-SEINE, AUDE, AUVERGNE RHONE ALPES, AVIGNON, BALMA, BAR LE DUC, BEAUSSAIS SUR MER, BLOIS, BOISSY SAINT LEGER, BONDOUFLE, BORDEAUX METROPOLE, BOURGOGNE FRANCHE COMTE, BREST METROPOLE, BRETAGNE, BRETEIL, CA CHATEAUROUX METROPOLE, CA DE BLOIS, CA DE CHALONS EN CHAMPAGNE, CA DU GRAND CAHORS, CA DU SAINT QUENTINOIS, CA GRAND BELFORT, CA GRAND PARIS SUD SEINE ESSONNE SENART, CA HAVRAISE, CA LANNION TREGOR COMMUNAUTE, CA LORIENT AGGLOMERATION, CA MULHOUSE ALSACE AGGLOMERATION, CA SAINT LOUIS AGGLOMERATION, CA SICOVAL, CA VAL DE FENSCH, CA VENTOUX COMTAT VENAISSIN, CA VERSAILLES GRAND PARC, CACHAN, CALVADOS, CANTAL, CC CAUX ESTUAIRE, CC COEUR COTE FLEURIE, CC PAYS DE CHEVAGNES, CC POHER COMMUNAUTE, CENTRE VAL DE LOIRE, CESSON SEVIGNE, CHARENTE, CHAVILLE, COTES D'ARMOR, COULOMMIERS, CU DE DUNKERQUE, CU LE HAVRE SEINE METROPOLE, ENNETIERES EN WEPPES, EPT GRAND PARIS SEINE OUEST (GPSO - T3), EURE, FINISTERE, GERS, GIRONDE, GRAND PORT MARITIME DU HAVRE, HAUTE GARONNE, HAUTES ALPES, HAUTS DE FRANCE, HAUTS DE SEINE, HERAULT, IAU ILE DE FRANCE, ILE DE FRANCE, ILE ET VILAINE, INFOCOM'94, ISERE, ISSY LES MOULINEAUX, ISTRES, LA REUNION, LA ROCHELLE, LANESTER, LE CRES, LE HAVRE, LE PELLERIN, LES LILAS, LIEUSAINT, LOIRE ATLANTIQUE, LONGJUMEAU, LORIENT, MAINE ET LOIRE, MANCHE, MANDRE LES ROSES, LILLE, MARSEILLE, MAZINGARBE, METROPOLE DE LYON, METROPOLE EUROPEENNE DE LILLE, METROPOLE NICE COTE D'AZUR, MONACIA D'AULLENE, MONTPELLIER, MONTREUIL, MORBIHAN, MULHOUSE, NANTES, NANTES METROPOLE, NICE, NOUVELLE AQUITAINE, OCCITANIE, ONET LE CHATEAU, ORLEANS METROPOLE, PARIS, PAYS DE LA LOIRE, PLERIN, PLOUFRAGAN, POITIERS, PUY DE DOME, RENNES, RENNES METROPOLE, TALENCE, TALENSAC, TOULON PROVENCE MEDITERRANEE, TOULOUSE, TOULOUSE METROPOLE, TOURS METROPOLE VAL DE LOIRE, VAR, VILLE D'AVRAY, RIEDISHEIM, RIXHEIM, RODEZ, ROQUEBRUNE CAP MARTIN, ROUBAIX, RUEIL MALMAISON, SAINT DENIS DE LA REUNION, SAINT JACQUES DE LA LANDE, SAINT MALO, SAINT MANDE, SAINT MARTIN D'HERES, SAINT NAZAIRE, SAINT PAUL LES DAX, SARLAT LA CANEDA, SEVRES, SEINE SAINT DENIS, SEINE MARITIME, SEILH",,
Energie,"Solaire,Eolien","250700358,258302744,250400710,241800549,252401476,251001889,200031987,200041309,925620262,200049922,200076545,254200546,259102457,257102582,200042489,200045979,255601106,200045938,249730045,130011224,210600045,200030385,213401698,200049690,226300010,213105554,243100518,219200631,246500482","SDE 07 ARDECHE, SYMIELEC VAR, SDE 04 ALPES HAUTE PROV, SDE 18 CHER, SDE 24 DORDOGNE, SDEA, SDEI 36 INDRE, SDESM, SICAE OISE, SICECO, SIEIL 37 INDRE ET LOIRE, SIEL 42 LOIRE, SMOYS, SYDESL 71 SAONE ET LOIRE, SYDEV, USEDA, MORBIHAN ENERGIES, SDEC ENERGIE, COMMUNAUTE D'AGGLOMERATION DU CENTRE LITTORAL, DDT TARN ET GARONNE, ANTIBES JUAN LES PINS, CA DE BLOIS, MONTFERRIER SUR LEZ, PETR PAYS MIDI QUERCY, PUY DE DOME, TOULOUSE, TOULOUSE METROPOLE, RUEIL MALMAISON, CC HAUTE-BIGORRE",,
Enfance,Crèches,"213801855,200040715,213803828,200071140,226500015,217804517,200059889,217805316,200064699,213100696,214100182,243300316,242900314,200066876,217300656,222800013,223100017,219300456,224100016,224900019,210102521,243400017,210600888,244500468,217500016,218601946,213502388,243500139,213105554,243100518,200072064,219200631,229300082","GRENOBLE, GRENOBLE ALPES METROPOLE, SAINT EGREVE, CA MOULINS COMMUNAUTE, HAUTES PYRENEES, NEZEL, CU GRAND PARIS SEINE & OISE (GPSEO), ROSNY-SUR-SEINE, BEAUSSAIS SUR MER, BLAGNAC, BLOIS, BORDEAUX METROPOLE, BREST METROPOLE, CA DE CHALONS EN CHAMPAGNE, CHAMBERY, EURE ET LOIR, HAUTE GARONNE, LES LILAS, LOIR ET CHER, MAINE ET LOIRE, MOGNENEINS, MONTPELLIER MEDITERRANEE METROPOLE, NICE, ORLEANS METROPOLE, PARIS, POITIERS, RENNES, RENNES METROPOLE, TOULOUSE, TOULOUSE METROPOLE, VAL DE CHER CONTROIS, RUEIL MALMAISON, SEINE SAINT DENIS",,
Environnement,"Eau,Déchets,Forêts,Solaire,Air,Pollution,Qualité,Arbres,Parcs,Jardins","420010878,220100010,316465236,784237539,534194451,822734307,478029127,488233313,311059422,308599703,422969667,442638698,413095811,423221795,482886694,324465632,213801855,200040715,213803828,200009884,251602660,257603894,250700267,287500052,200000586,254178056,829854181,241501139,200066637,216401026,225900018,226500015,200041317,217901917,216301135,246300701,239710015,200063402,215104217,200056380,219200441,130004658,200059889,130011224,210600045,404453110,323266205,218100048,220400014,220600019,244900015,216400242,220700017,221100019,218400075,213400229,213100449,226700011,213400278,200064699,212400378,212500565,213100696,214100182,214700312,219100864,213300635,243300316,200053726,242900314,233500016,200011773,243600327,200057859,200030385,200066876,244400610,245901160,246200729,200044618,242500361,200023737,243500782,200071892,200069821,200067825,248400251,247100589,247600596,241700434,200065928,200069532,200042174,200066009,200056232,200067254,243500741,241700640,200069409,200066058,243100633,245701222,247800584,219400165,221401185,214900540,213400575,211100763,213400583,247600539,241400415,200039204,200034957,248400236,243500667,200069086,248400319,242900744,216900407,213600448,219400199,213400773,222200016,213400872,213400880,245900428,200069854,200067213,200084952,210400701,218801561,222500019,215901968,200057974,200058014,222800013,246700488,213400955,210700886,222900011,211402714,213401169,241600253,200052264,775700198,223100017,200053742,229200506,809413586,223400011,775684483,237500079,223600016,223700014,223800012,219200409,213401201,213401235,214400558,211703004,212203855,218802585,212201131,213401292,213401342,213400906,217603513,214401200,219300456,217702513,216901165,224400028,224100016,224500017,200067460,224900019,225005024,215903501,215903600,216901231,399054964,211300561,200060010,225300011,210600839,200046977,245900410,200030195,200039865,219200482,212001630,213401649,213401722,243400017,219300480,225600014,216802249,213401797,214401093,244400404,215801945,210600888,225800010,218902781,200012508,200024933,213503642,200053791,226000016,244500468,217500016,234400034,200048965,213401987,381785120,213402027,252106620,251900130,218601946,213402175,200012979,200012656,200012490,219200623,226400018,213502388,243500139,248300543,213105554,243100518,243700754,200072064,228300018,228400016,216902569,213403272,228600011,213403371,213402274,219105210,215905126,213002371,212202782,213402498,213402563,213402597,217805514,213402704,213502883,214401846,214002792,210206660,227100013,213402951,227300019,213403017,229300082,227605409","ATMO GUYANE, AIN, AIRPARIF, APUR, ATMO AUVERGNE RHONE ALPES, ATMO GRAND EST, ATMO HAUTS DE FRANCE, ATMO NORMANDIE, ATMO NOUVELLE AQUITAINE, ATMO OCCITANIE, ATMO REUNION, GWAD'AIR, LIG'AIR, MADININAIR, QUALITAIR CORSE, ATMO SUD, GRENOBLE, GRENOBLE ALPES METROPOLE, SAINT EGREVE, SYBLE, SMD CALITOM, SMEAU SIDESA, SYNDICAT DES EAUX DU BASSIN DE L'ARDECHE, AGENCE DES ESPACES VERTS ILE DE FRANCE, SMED ALPES MARITIMIES, SMIEEOM VAL DE CHER, ATMO BOURGOGNE FRANCHE COMTE, CC DU PAYS DE SALERS, CC HAUTES TERRES COMMUNAUTE, BAYONNE, NORD, HAUTES PYRENEES, NIORT AGGLOMERATION, NIORT, CLERMONT-FERRAND, CLERMONT-FERRAND METROPOLE, GUADELOUPE, ANNECY, REIMS, CA PLAINE VALLEE, LEVALLOIS, GIP LITTORAL AQUITAIN, CU GRAND PARIS SEINE & OISE (GPSEO), DDT TARN ET GARONNE, ANTIBES JUAN LES PINS, AIR BREIZH, AIR PAYS DE LA LOIRE, ALBI, ALPES DE HAUTE PROVENCE, ALPES MARITIMES, ANGERS LOIRE METROPOLE, ANGLET, ARDECHE, AUDE, AVIGNON, BAILLARGUES, BALMA, BAS RHIN, BEAULIEU, BEAUSSAIS SUR MER, BERGERAC, BESANCON, BLAGNAC, BLOIS, BOE, BONDOUFLE, BORDEAUX, BORDEAUX METROPOLE, BOURGOGNE FRANCHE COMTE, BREST METROPOLE, BRETAGNE, CA ANNEMASSE LES VOIRONS AGGLOMERATION, CA CHATEAUROUX METROPOLE, CA COEUR D'ESSONNE AGGLOMERATION, CA DE BLOIS, CA DE CHALONS EN CHAMPAGNE, CA DE LA PRESQU'ILE DE GUERANDE ATLANTIQUE, CA DE VALENCIENNES METROPOLE, CA DU BOULONNAIS, CA DU DOUAISIS, CA DU GRAND BESANCON, CA DU GRAND CAHORS, CA DU PAYS DE SAINT MALO, CA DU SAINT QUENTINOIS, CA FECAMP CAUX LITTORAL AGGLOMERATION, CA GAP TALLARD DURANCE, CA GRAND AVIGNON, CA GRAND CHALON, CA HAVRAISE, CA LA ROCHELLE, CA LANNION TREGOR COMMUNAUTE, CA LISIEUX NORMANDIE, CA LORIENT AGGLOMERATION, CA MULHOUSE ALSACE AGGLOMERATION, CA PARIS SACLAY, CA PAU BEARN PYRENEES, CA REDON AGGLOMERATION, CA ROYAN ATLANTIQUE, CA SAINT BRIEUC ARMOR AGGLOMERATION, CA SAINT LOUIS AGGLOMERATION, CA SICOVAL, CA VAL DE FENSCH, CA VERSAILLES GRAND PARC, CACHAN, CALVADOS, CANDE, CASTELNAU LE LEZ, CASTELNAUDARY, CASTRIES, CC CAUX ESTUAIRE, CC COEUR COTE FLEURIE, CC DE LACQ-ORTHEZ , CC DU FRONTONNAIS, CC DU PAYS REUNI D'ORANGE, CC DU VAL D'ILLE AUBIGNE, CC LEFF ARMOR, CC PAYS DES SORGUES MONTS DE VAUCLUSE, CC POHER COMMUNAUTE, CHAMPAGNE AU MONT D'OR, CHATEAUROUX, CHENNEVIERES SUR MARNE, CLAPIERS, COTES D'ARMOR, COURNONSEC, COURNONTERRAL, CU DE DUNKERQUE, CU DU GRAND POITIERS, CU GRAND REIMS, CU LE HAVRE SEINE METROPOLE, DIGNE LES BAINS, DONCIERES, DOUBS, ENNETIERES EN WEPPES, EPT GRAND PARIS SEINE OUEST (GPSO - T3), ETP GRAND ORLY SEINE BIEVRE (T12), EURE ET LOIR, EUROMETROPOLE DE STRASBOURG, FABREGUES, FAUGERES, FINISTERE, FLEURY SUR ORNE, GRABELS, GRAND ANGOULEME, GRAND EST, GRAND PORT MARITIME DU HAVRE, HAUTE GARONNE, HAUTS DE FRANCE, HAUTS DE SEINE, HAWA MAYOTTE, HERAULT, IAU ILE DE FRANCE, ILE DE FRANCE, INDRE, INDRE ET LOIRE, ISERE, ISSY LES MOULINEAUX, JACOU, JUVIGNAC, LA BAULE ESCOUBLAC, LA ROCHELLE, LA VICOMTE SUR RANCE, LAMARCHE, LANNION, LATTES, LAVERUNE, LE CRES, LE HAVRE, LE PELLERIN, LES LILAS, LIEUSAINT, LIMONEST, LOIRE ATLANTIQUE, LOIR ET CHER, LOIRET, LOUDEAC COMMUNAUTE, MAINE ET LOIRE, MANCHE, LILLE, LOOS, LYON, MAISON DE L'ESTUAIRE DE LA SEINE, MARTIGUES, MAUGES COMMUNAUTE, MAYENNE, MENTON, METROPOLE DE LYON, METROPOLE EUROPEENNE DE LILLE, METROPOLE NICE COTE D'AZUR, METZ METROPOLE, MEUDON, MONACIA D'AULLENE, MONTAUD, MONTPELLIER, MONTPELLIER MEDITERRANEE METROPOLE, MONTREUIL, MORBIHAN, MULHOUSE, MURVIEL LES MONTPELLIER, NANTES, NANTES METROPOLE, NEVERS, NICE, NIEVRE, NOE, NOUMEA , NOUVELLE CALEDONIE GOUVERNEMENT, NOYAL CHATILLON SUR SEICHE, OCCITANIE, OISE, ORLEANS METROPOLE, PARIS, PAYS DE LA LOIRE, PAYS DE SAINT BRIEUC, PEROLS, PICARDIE NATURE, PIGNAN, PNR DU MORVAN, PNR MILLEVACHES LIMOUSIN, POITIERS, PRADES LE LEZ, PROVINCE DES ILES LOYAUTE - NOUVELLE CALEDONIE, PROVINCE NORD - NOUVELLE CALEDONIE, PROVINCE SUD - NOUVELLE CALEDONIE, PUTEAUX, PYRENEES ATLANTIQUES, RENNES, RENNES METROPOLE, TOULON PROVENCE MEDITERRANEE, TOULOUSE, TOULOUSE METROPOLE, TOURS METROPOLE VAL DE LOIRE, VAL DE CHER CONTROIS, VAR, VAUCLUSE, VAULX EN VELIN, VENDARGUES, VIENNE, VILLENEUVE LES MAGUELONE, RESTINCLIERES, RIS ORANGIS, ROUBAIX, SAINT BRES, SAINT BRIEUC, SAINT DREZERY, SAINT GENIES DES MOURGUES, SAINT GEORGES D'ORQUES, SAINT GERMAIN EN LAYE, SAINT JEAN DE VEDAS, SAINT MALO, SAINT NAZAIRE, SAINT PAUL LES DAX, SAINT QUENTIN, SAONE ET LOIRE, SAUSSAN, SAVOIE, SETE, SEINE SAINT DENIS, SEINE MARITIME",,
Equipements,"Bornes,BAL,Banc,Affichage publicataire","784237539,213801855,200040715,213803828,287500052,200071140,200057958,216401026,852356583,217701697,241800507,216001446,200041317,217901917,216301135,254002272 ,216405431,216400119,216403139,200083525,216405399,210500039,200055614,212600589,200040491,200056380,219200441,214001612,214001646,214001380,214000309,214001059,200080364,244500203,244901013,790895197,410201164,240400440,200072049,243500659,210500328,218700102,210500310,210500963,210400651,210500997,212603674,218300523,210500104,210500096,210401048,218400042,218400315,216404350,215202979,216400663,216405274,216400143,216402297,216402974,216402792,510651441,216401059,212900278,200044543,252405147,216400085,219500188,216400457,210500070,210500088 ,200077113,216400861,216401349,216401554 ,249400078,210500385,211701404,216402149,210400883,210500567,210500583,210500609 ,210500617,215002411,216402651,216402776,210500682,216402834,210500187,210500542,210500716,200033694 ,210500625,210501805,216403717,216403774,216403915,210500872 ,210500922,210401386,216404293,210501045,210501219 ,210501243,210501318,240500215,210501409,214502759,210501458,210501466,210501474,210501482,210501490,216404897,210501524,210501532,210501540,218401222,200064657,200059889,210501110,210500989,200071959,210400735,210402202,210401956,210501300,210401618,210400628,210400867,210501086,200058618,210501631,210500120,210500450,210400198,210600045,219105731,216400135,214000010,218100048,220400014,220600019,214900078,216400242,220700017,219200045,221100019,200053767,218400075,213400229,226700011,245400601,213400278,216000562,213100696,214100182,219100864,213300635,243300316,219200128,200053726,242900314,233500016,213500408,214000564,216900290,241300417,200039915,243600327,246800726,200030385,200066876,244400644,200068989,200043172,242010056,200039857,243500782,200073419,200071892,200034700,200069821,200069052,247100589,200069110,200059228,241700434,200065928,200065886,200042174,200069425,200066009,200056232,200067254,200067437,200068120,200067965,200069409,200066058,200066355,243100633,245701222,248400053,247800584,219400165,214900540,216401661,213400575,211100763,213400583,247600539,241400415,200039204,246900740,248400236,243500667,200069086,248400319,242900744,263300626,213500515,217300656,216900407,216902718,219200227,213400773,218300424,217701226,232000018,222200016,213400872,213400880,217701390,200069854,200084952,217602176,210400701,222500019,213801517,200057974,216402222,219102258,222702292,246700488,213400955,211402714,218300614,216402289,200043115,‎187609110,223300013,213401169,200052264,775701253,775700198,212200703,216402552,223100017,229200506,223400011,237500079,223800012,219200409,213401201,213401235,210600656,213502032,218501914,211703004,211704523,212203855,212200943,212201131,213401292,213401342,217603513,214401200,218300986,219300456,213302433,218708501,216901165,224400028,224500017,215601212,200067460,212703755,225005024,215903501,215903600,211300553,200054807,200046977,245900410,200030195,200039865,219200482,216902833,213401649,211702402,213103757,213401698,213401722,243400017,219300480,225600014,225700012,216802249,213401797,215403957,219200508,214401093,244400404,215801945,210600888,225800010,217703370,200024933,215601519,200053791,226000016,244500468,217500016,234400034,200048965,213401987,213402027,200013746,212201719,219400595,200054252,212202048,212202154,218601946,200033736,213803174,217703735,213402175,200012656,226400018,215601865,217805175,213502388,243500139,213305220,217704683,248300543,213105554,243100518,243700754,216902569,213403272,215900093,213403371,213402274,216902866,219105210,219300647,215905126,219200631,213303662,215602061,216303230,213002371,212202782,216901918,219740115,216901942,213402498,216404764,216404772,213402563,213402597,211703335,213502776,213402704,211703517,213502883,217104454,219400686,211703806,214002792,214002818,216902908,217605526,213402951,217704451,219200722,213403017,229300082,216500595,200060010","APUR, GRENOBLE, GRENOBLE ALPES METROPOLE, SAINT EGREVE, AGENCE DES ESPACES VERTS ILE DE FRANCE, CA MOULINS COMMUNAUTE, PARIS VALLEE DE MARNE, BAYONNE, BROU SUR CHANTEREINE, EMERAINVILLE, BOURGES PLUS AGGLOMERATION, CHELLES, NIORT AGGLOMERATION, NIORT, CLERMONT-FERRAND, ADACL Landes, UREPEL, AINCILE, LANTABAT, EVRY COURCOURONNES, UHART-MIXE, AIGUILLES, SD ENERGIE ET DECHET HAUTE-MARNE, BOURG-LES-VALENCE, CC PORTE DROME ARDECHE, CA PLAINE VALLEE, LEVALLOIS, LUBBON, RETJONS, LACRABE, BAUDIGNAN, GAREIN, PAYS SERRE-PONCON UBAYE DURANCE, CA MONTARGOISE ET RIVE DU LOING, CC LOIRE LAYON AUBANCE, TIGEO, RGD SAVOIE MONT BLANC, CC PAYS DE FORCALQUIER, CC CHARENTE LIMOUSINE, CC  CHATEAUGIRON COMMUNAUTE, CHAMPOLEON, AIXE SUR VIENNE, CHAMPCELLA, ORCIERES, CRUIS, OZE, VENTEROL, ESPARRON , ASPRES-SUR-BUECH, ASPRES-LES-CORPS, LIMANS, AUBIGNAN, CARPENTRAS, OSSERAIN-RIVAREYTE, RANGECOURT, ASCARAT, SOURAIDE, AINHOA, GAMARTHE, LACARRE, ITXASSOU, MEHARIN, BEGUIOS, CHATEAUNEUF-DU-FAOU, ATD DE LA CHARENTE, ATD DE LA DORDOGNE , AHAXE-ALCIETTE-BASCASSAN, ARGENTEUIL, ARHANSUS, ARVIEUX, ASPREMONT(05), AUBESSAGNE, AYHERRE, BONLOC, BUSTINCE-IRIBERRY, CA PARIS - VALLEE DE LA MARNE, CHATEAU-VILLE-VIEILLE, DOLUS D'OLERON, ESPES-UNDUREIN, FORCALQUIER, FOREST-SAINT-JULIEN, FREISSINIERES, FURMEYER, GAP, HEMEVEZ, HOSTA, ISTURITS, JARJAYES, JAXU, LA BATIE-VIEILLE, LA FARE-EN-CHAMPSAUR, LARDIER-ET-VALENÇA, LE DEVOLUY, LE GLAIZIL, LES VIGNEAUX, MAULEON-LICHARRE, MENDIONDE, MONCAYOLLE-LARRORY-MENDIBIEU, MONTMAUR, NEFFES, NIOZELLES, ORSANCO, POLIGNY (05), ROCHEBRUNE, ROCHETTE(05), SAINT AUBAN D'OZE, SAINT-BONNET-EN-CHAMPSAUR, SAINT-ETIENNE-LE-LAUS, SAINT-FIRMIN, SAINT-JEAN-SAINT-NICOLAS, SAINT-JULIEN-EN-BEAUCHENE, SAINT-JULIEN-EN-CHAMPSAUR, SAINT-LAURENT-DU-CROS, SAINT-LEGER-LES-MELEZES, SAINT-MARTIN D'ARBEROUE, SAINT-MAURICE-EN-VALGODEMAR, SAINT-MICHEL-DE-CHAILLOL, SAINT-PIERRE-D'ARGENÇON, SARRIANS, VALLOUISE-PELVOUX, CU GRAND PARIS SEINE & OISE (GPSEO), PUY SANIERES, LES ORRES, UBAYE-SERRE-PONÇON, ENCHASTRAYES, LES THUILES , SAINT-PONS, SAINT-APOLLINAIRE, MEOLANS-REVEL, CONDAMINE-CHATELARD, FAUCON-DE-BARCELONNETTE, PUY-SAINT-EUSEBE, VAL D'ORONAYE, LE SAUZE-DU-LAC, BARATIER , CROTS, BARCELONNETTE, ANTIBES JUAN LES PINS, SAINT PIERRE DU PERRAY, AINHICE MONGELOS, AIRE SUR L'ADOUR, ALBI, ALPES DE HAUTE PROVENCE, ALPES MARITIMES, ANGERS, ANGLET, ARDECHE, ASNIERES SUR SEINE, AUDE, AUVERGNE RHONE ALPES, AVIGNON, BAILLARGUES, BAS RHIN, BASSIN DE POMPEY, BEAULIEU, BEAUVAIS, BLAGNAC, BLOIS, BONDOUFLE, BORDEAUX, BORDEAUX METROPOLE, BOULOGNE BILLANCOURT, BOURGOGNE FRANCHE COMTE, BREST METROPOLE, BRETAGNE, BRETEIL, BROCAS LES FORGES, BRON, CA ARLES CRAU CAMARGUE MONTAGNETTE, CA CANNES PAYS DE LERINS, CA CHATEAUROUX METROPOLE, CA COLMAR, CA DE BLOIS, CA DE CHALONS EN CHAMPAGNE, CA DE LA REGION NAZAIRIENNE ET DE L'ESTUAIRE, CA DINAN AGGLOMERATION, CA DU BASSIN DE BRIVE, CA DU PAYS AJACCIEN, CA DU PAYS DE GRASSE, CA DU PAYS DE SAINT MALO, CA DU PUY EN VELAY, CA DU SAINT QUENTINOIS, CA DURANCE LUBERON VERDON, CA FECAMP CAUX LITTORAL AGGLOMERATION, CA GRAND BELFORT, CA GRAND CHALON, CA GRAND CHAMBERY AGGLOMERATION, CA GRAND PARIS SUD SEINE ESSONNE SENART, CA LA ROCHELLE, CA LANNION TREGOR COMMUNAUTE, CA LOIRE FOREZ AGGLOMERATION, CA LORIENT AGGLOMERATION, CA MONT SAINT MICHEL NORMANDIE, CA MULHOUSE ALSACE AGGLOMERATION, CA PARIS SACLAY, CA PAU BEARN PYRENEES, CA PROVENCE ALPES AGGLOMERATION, CA QUIMPER BRETAGNE OCCIDENTALE, CA REGION DE COMPIEGNE ET DE LA BASSE AUTOMNE, CA SAINT BRIEUC ARMOR AGGLOMERATION, CA SAINT LOUIS AGGLOMERATION, CA SETE AGGLOPOLE MEDITERRANEE, CA SICOVAL, CA VAL DE FENSCH, CA VENTOUX COMTAT VENAISSIN, CA VERSAILLES GRAND PARC, CACHAN, CANDE, CARO, CASTELNAU LE LEZ, CASTELNAUDARY, CASTRIES, CC CAUX ESTUAIRE, CC COEUR COTE FLEURIE, CC DE LACQ-ORTHEZ , CC DU PAYS MORNANTAIS, CC DU PAYS REUNI D'ORANGE, CC DU VAL D'ILLE AUBIGNE, CC LEFF ARMOR, CC PAYS DES SORGUES MONTS DE VAUCLUSE, CC POHER COMMUNAUTE, CCAS BORDEAUX, CESSON SEVIGNE, CHAMBERY, CHAMPAGNE AU MONT D'OR, CHASSIEU, CHAVILLE, CLAPIERS, COGOLIN, COMBS LA VILLE, CORSE, COTES D'ARMOR, COURNONSEC, COURNONTERRAL, COURTRY, CU DU GRAND POITIERS, CU LE HAVRE SEINE METROPOLE, DIEPPE, DIGNE LES BAINS, DOUBS, ECHIROLLES, EPT GRAND PARIS SEINE OUEST (GPSO - T3), ETCHEBAR, ETIOLLES, EURE, EUROMETROPOLE DE STRASBOURG, FABREGUES, FLEURY SUR ORNE, FREJUS, GABAT, GEOVENDEE MAISON DES COMMUNES, GIP SEINE AVAL, GIRONDE, GRABELS, GRAND EST, GRAND PORT MARITIME DE ROUEN, GRAND PORT MARITIME DU HAVRE, GUINGUAMP, HALSOU, HAUTE GARONNE, HAUTS DE SEINE, HERAULT, ILE DE FRANCE, ISERE, ISSY LES MOULINEAUX, JACOU, JUVIGNAC, LA GAUDE, LA NOUAYE, LA ROCHE SUR YON, LA ROCHELLE, LA TREMBLADE , LA VICOMTE SUR RANCE, LANCIEUX, LANNION, LATTES, LAVERUNE, LE HAVRE, LE PELLERIN, LE PRADET, LES LILAS, LIBOURNE, LIMOGES, LIMONEST, LOIRE ATLANTIQUE, LOIRET, LORIENT, LOUDEAC COMMUNAUTE, LOUVIERS, MANCHE, LILLE, LOOS, MARSEILLE, METROPOLE AIX MARSEILLE PROVENCE, METROPOLE DE LYON, METROPOLE EUROPEENNE DE LILLE, METROPOLE NICE COTE D'AZUR, METZ METROPOLE, MEUDON, MIONS, MONTAUD, MONTENDRE, MONTESQUIEU VOLVESTRE, MONTFERRIER SUR LEZ, MONTPELLIER, MONTPELLIER MEDITERRANEE METROPOLE, MONTREUIL, MORBIHAN, MOSELLE, MULHOUSE, MURVIEL LES MONTPELLIER, NANCY, NANTERRE, NANTES, NANTES METROPOLE, NEVERS, NICE, NIEVRE, NOISIEL, NOUVELLE CALEDONIE GOUVERNEMENT, NOYAL PONTIVY, OCCITANIE, OISE, ORLEANS METROPOLE, PARIS, PAYS DE LA LOIRE, PAYS DE SAINT BRIEUC, PEROLS, PIGNAN, PIRAE, PLAINTEL, PLESSIS TREVISE, PLOEUC L'HERMITAGE, PLOEZAL, PLOUFRAGAN, POITIERS, POLE METROPOLITAIN DU PAYS DE BREST, PONT DE CLAIX, PONTAULT-COMBAULT, PRADES LE LEZ, PROVINCE NORD - NOUVELLE CALEDONIE, PYRENEES ATLANTIQUES, QUIBERON, RAMBOUILLET, RENNES, RENNES METROPOLE, TALENCE, TORCY, TOULON PROVENCE MEDITERRANEE, TOULOUSE, TOULOUSE METROPOLE, TOURS METROPOLE VAL DE LOIRE, VAULX EN VELIN, VENDARGUES, VILLENEUVE D'ASCQ, VILLENEUVE LES MAGUELONE, RESTINCLIERES, RILLIEUX LA PAPE, RIS ORANGIS, ROSNY SOUS BOIS, ROUBAIX, RUEIL MALMAISON, SAINT ANDRE DE CUBZAC, SAINT AVE, SAINT BONNET LE BOURG, SAINT BRES, SAINT BRIEUC, SAINT CYR AU MONT D'OR, SAINT DENIS DE LA REUNION, SAINT DIDIER AU MONT D'OR, SAINT DREZERY, SAINT ESTEBEN, SAINT ETIENNE DE BAIGORRY, SAINT GENIES DES MOURGUES, SAINT GEORGES D'ORQUES, SAINT GEORGES DE DIDONNE , SAINT GONLAY, SAINT JEAN DE VEDAS, SAINT JUST LUZAC, SAINT MALO, SAINT MARCEL, SAINT MAUR DES FOSSES, SAINT PALAIS SUR MER, SAINT PAUL LES DAX, SAINT PIERRE DU MONT, SAINT PRIEST, SAINTE ADRESSE, SAUSSAN, SAVIGNY LE TEMPLE, SEVRES, SETE, SEINE SAINT DENIS, BAGNERES DE BIGORRE, MAUGES COMMUNAUTE",,
Finance,Finance,"213801855,200040715,240300491,226500015,243300316,233500016,237500079,219300456,200046977,200024933,226000016,244500468,217500016,234400034,213105554,243100518","GRENOBLE, GRENOBLE ALPES METROPOLE, CC DU PAYS DE LAPALISSE, HAUTES PYRENEES, BORDEAUX METROPOLE, BRETAGNE, ILE DE FRANCE, LES LILAS, METROPOLE DE LYON, NOUVELLE CALEDONIE GOUVERNEMENT, OISE, ORLEANS METROPOLE, PARIS, PAYS DE LA LOIRE, TOULOUSE, TOULOUSE METROPOLE",,
Santé,"Défibrillateurs,COVID","213801855,200040715,283000016,283300028,286700174,288100019,284400017,287200265,241501139,200066637,281700252,284900016,213601594,219200441,200053403,200059889,217802172,217801232,210600045,218100048,220700017,213400229,212200042,214700312,243300316,219200128,200030385,200066876,219400165,221500010,211100763,243500550,213101496,217701226,200069854,213101579,222500019,215901968,211402714,220500011,237500079,223800012,224500017,215601212,219200474,211300553,219200482,213401722,214401093,210600888,200053791,217500016,219400595,218601946,200012656,218301000,213502388,243500139,213105554,243100518,219200755,219200771,210601597,215900093,215905126,219200631,217805514,213502818,214401846,219200714,219200722,229300082,227605409,216500595,246500482,214200594","GRENOBLE, GRENOBLE ALPES METROPOLE, SDIS 30 GARD, SDIS 33 GIRONDE, SDIS 67 BAS RHIN, SDIS 81 TARN, SDIS 44 LOIRE ATLANTIQUE, SDIS 72 SARTHE, CC DU PAYS DE SALERS, CC HAUTES TERRES COMMUNAUTE, SDIS 17 CHARENTE MARITIME, SDIS 49 MAINE ET LOIRE, LE POINCONNET, LEVALLOIS, NORMANDIE, CU GRAND PARIS SEINE & OISE (GPSEO), EPONE, CARRIERES-SOUS-POISSY, ANTIBES JUAN LES PINS, ALBI, ARDECHE, BAILLARGUES, BEGARD, BOE, BORDEAUX METROPOLE, BOULOGNE BILLANCOURT, CA DE BLOIS, CA DE CHALONS EN CHAMPAGNE, CACHAN, CANTAL, CASTELNAUDARY, CC MONFORT COMMUNAUTE, COLOMIERS, COMBS LA VILLE, CU DU GRAND POITIERS, CUGNAUX, DOUBS, ENNETIERES EN WEPPES, FLEURY SUR ORNE, HAUTES ALPES, ILE DE FRANCE, ISERE, LOIRET, LORIENT, MARNES LA COQUETTE, MARSEILLE, MEUDON, MONTPELLIER, NANTES, NICE, OCCITANIE, PARIS, PLESSIS TREVISE, POITIERS, PROVINCE NORD - NOUVELLE CALEDONIE, PUGET VILLE, RENNES, RENNES METROPOLE, TOULOUSE, TOULOUSE METROPOLE, VANVES, VILLE D'AVRAY, VILLEFRANCHE SUR MER , VILLENEUVE D'ASCQ, ROUBAIX, RUEIL MALMAISON, SAINT GERMAIN EN LAYE, SAINT JACQUES DE LA LANDE, SAINT NAZAIRE, SCEAUX, SEVRES, SEINE SAINT DENIS, SEINE MARITIME, BAGNERES DE BIGORRE, CC HAUTE-BIGORRE, CHAZELLES-SUR-LYON",,
Sécurité,"Police,Pompiers,SDIS","283000016,283300028,286700174,288100019,284400017,287200265,281700252,284900016,283900017,281000018,285800017,287100010,289500795,130011224,219300456,217500016","SDIS 30 GARD, SDIS 33 GIRONDE, SDIS 67 BAS RHIN, SDIS 81 TARN, SDIS 44 LOIRE ATLANTIQUE, SDIS 72 SARTHE, SDIS 17 CHARENTE MARITIME, SDIS 49 MAINE ET LOIRE, SDIS 39 JURA, SDIS 21 COTE D'OR, SDIS 58 NIEVRE, SDSI 71 SAONE ET LOIRE, SDIS 90 BELFORT, DDT TARN ET GARONNE, LES LILAS, PARIS",,
Social,"Solidarité,RMI,APL,RSA,Handicap,Menu des cantines","226500015,200053403,213500010,254003304,220700017,487977985,217100148,213500135,218300093,226700011,200064699,214100182,214700312,243300316,219200128,242900314,213500408,214000564,200033025,200068989,200059228,200065928,200042174,200066009,200067254,243500741,200035731,219400165,214900540,221500010,211100763,213400583,241400415,243500550,242900744,213500515,217300656,221600018,232000018,217701317,200069854,200084952,217602176,210400701,222500019,200058014,222702292,210700886,222900011,223200015,200053742,229200506,223400011,775684483,213501331,237500079,223500018,259401099,223800012,210600656,213401342,214702011,214401200,219400587,219300456,213302433,217702513,216901165,224400028,224100016,224500017,219103454,200067460,224900019,211300561,200060010,200046977,245900410,200030195,213401722,243400017,219300480,225600014,216802249,214401093,244400404,210600888,218902781,200024933,200053791,226000016,244500468,214401143,217500016,234400034,200048965,217604974,200049690,213502271,200054252,212202048,212202154,218601946,200012490,218301000,226300010,213502388,243500139,213305220,213503311,213105554,243100518,243700754,200072064,216802710,219105210,211202023,215905126,212202782,219740115,213502818,213502883,219400678,227100013,219200714,229300082,227700010","HAUTES PYRENEES, NORMANDIE, ACIGNE, ALPI 40 LANDE , ARDECHE, ARDTA, AUTUN, BAINS SUR OUST, BANDOL, BAS RHIN, BEAUSSAIS SUR MER, BLOIS, BOE, BORDEAUX METROPOLE, BOULOGNE BILLANCOURT, BREST METROPOLE, BRETEIL, BROCAS LES FORGES, CA BAR LE DUC SUD MEUSE, CA DINAN AGGLOMERATION, CA GRAND PARIS SUD SEINE ESSONNE SENART, CA LANNION TREGOR COMMUNAUTE, CA LORIENT AGGLOMERATION, CA MULHOUSE ALSACE AGGLOMERATION, CA PAU BEARN PYRENEES, CA REDON AGGLOMERATION, CA ROANNAIS AGGLOMERATION, CACHAN, CANDE, CANTAL, CASTELNAUDARY, CASTRIES, CC COEUR COTE FLEURIE, CC MONFORT COMMUNAUTE, CC POHER COMMUNAUTE, CESSON SEVIGNE, CHAMBERY, CHARENTE, CORSE, COULOMMIERS, CU DU GRAND POITIERS, CU LE HAVRE SEINE METROPOLE, DIEPPE, DIGNE LES BAINS, DOUBS, ETP GRAND ORLY SEINE BIEVRE (T12), EURE, FAUGERES, FINISTERE, GERS, HAUTS DE FRANCE, HAUTS DE SEINE, HERAULT, IAU ILE DE FRANCE, IFFENDIC, ILE DE FRANCE, ILE ET VILAINE, INFOCOM'94, ISERE, LA GAUDE, LAVERUNE, LE PASSAGE, LE PELLERIN, LE PERREUX SUR MARNE, LES LILAS, LIBOURNE, LIEUSAINT, LIMONEST, LOIRE ATLANTIQUE, LOIR ET CHER, LOIRET, LONGJUMEAU, LOUDEAC COMMUNAUTE, MAINE ET LOIRE, MARTIGUES, MAUGES COMMUNAUTE, METROPOLE DE LYON, METROPOLE EUROPEENNE DE LILLE, METROPOLE NICE COTE D'AZUR, MONTPELLIER, MONTPELLIER MEDITERRANEE METROPOLE, MONTREUIL, MORBIHAN, MULHOUSE, NANTES, NANTES METROPOLE, NICE, NOE, NOUVELLE CALEDONIE GOUVERNEMENT, OCCITANIE, OISE, ORLEANS METROPOLE, ORVAULT, PARIS, PAYS DE LA LOIRE, PAYS DE SAINT BRIEUC, PETIT COURONNE, PETR PAYS MIDI QUERCY, PLEUMELEUC, PLOEUC L'HERMITAGE, PLOEZAL, PLOUFRAGAN, POITIERS, PROVINCE SUD - NOUVELLE CALEDONIE, PUGET VILLE, PUY DE DOME, RENNES, RENNES METROPOLE, TALENCE, TALENSAC, TOULOUSE, TOULOUSE METROPOLE, TOURS METROPOLE VAL DE LOIRE, VAL DE CHER CONTROIS, RIEDISHEIM, RIS ORANGIS, RODEZ, ROUBAIX, SAINT BRIEUC, SAINT DENIS DE LA REUNION, SAINT JACQUES DE LA LANDE, SAINT MALO, SAINT MANDE, SAONE ET LOIRE, SCEAUX, SEINE SAINT DENIS, SEINE ET MARNE",,
Sport,"Gymnases,Piscines","250602026,200058006,200053403,220400014,216400242,213100449,213100696,214100182,243300316,242010056,200035731,200039204,200034957,200041465,223300013,218501914,219300456,219200474,219200482,244400404,217604974,226400018,248300543,219300779,219105210,227300019,215602434","SM STATION DE VALBERG, ETP GRAND PARIS SUD EST AVENIR (GPSEA - T11), NORMANDIE, ALPES DE HAUTE PROVENCE, ANGLET, BALMA, BLAGNAC, BLOIS, BORDEAUX METROPOLE, CA DU PAYS AJACCIEN, CA ROANNAIS AGGLOMERATION, CC DE LACQ-ORTHEZ , CC DU FRONTONNAIS, CC VAL'EYRIEUX, GIRONDE, LA ROCHE SUR YON, LES LILAS, MARNES LA COQUETTE, MEUDON, NANTES METROPOLE, PETIT COURONNE, PYRENEES ATLANTIQUES, TOULON PROVENCE MEDITERRANEE, VILLEMOMBLE, RIS ORANGIS, SAVOIE, SENE",,
Télécom,"Télécom,Haut-Débit,4G,5G,3G,GSM,THD","200033702,200061257,255003592,200037729,200052587,200081263,216401026,226500015,200046050 ,216301135,200041481,219100864,200053726,200041630,243600327,200030385,200068989,200071454,245901152,200069086,200068146,245900428,200069854,211402714,219502689,223800012,211403662,212703755,225005024,200054807,215801945,217500016,243700754,219200631,229300082,216500595,246500482","SMO SUD THD, TARN ET GARONNE NUMERIQUE , MANCHE NUMERIQUE, DOUBS TRES HAUT DEBIT, SMN ANJOU NUMERIQUE, SMTL FIBRE 64 PYR. ATL , BAYONNE, HAUTES PYRENEES, SMO VAL DE LOIRE NUMERIQUE, CLERMONT-FERRAND, BERRY NUMERIQUE, BONDOUFLE, BOURGOGNE FRANCHE COMTE, CA ARDENNE METROPOLE, CA CHATEAUROUX METROPOLE, CA DE BLOIS, CA DINAN AGGLOMERATION, CA EVREUX PORTES DE NORMANDIE, CC COEUR D'OSTREVENT, CC LEFF ARMOR, CC SARREBOURG MOSELLE SUD, CU DE DUNKERQUE, CU DU GRAND POITIERS, FLEURY SUR ORNE, GARGES-LES-GONESSE, ISERE, LISIEUX, LOUVIERS, MANCHE, METROPOLE AIX MARSEILLE PROVENCE, NEVERS, PARIS, TOURS METROPOLE VAL DE LOIRE, RUEIL MALMAISON, SEINE SAINT DENIS, BAGNERES DE BIGORRE, CC HAUTE-BIGORRE",,
Tourisme,"Tourisme,Campings,Hotels,Gites,Restaurants","776258261,213801855,200040715,828647842,395235047,782815666,781843750,315903898,392178570,301072880,327216875,322148834,315387209,325920080,824433866,200071140,241501139,830836698,243000643,220600019,220700017,429596190,200053767,213500135,200064699,200053726,242900314,233500016,214000564,200010700,243600327,244400610,245901160,200065928,200042174,240300756,248400319,234500023,213400773,232000018,820657971,210400701,223200015,241600253,224100016,793698705,224500017,219200474,399054964,211300561,245900410,200030195,212001630,200024933,200053791,217500016,234400034,200049690,212201719,213502388,243500139,213105554,243100518,200072064,210206660,528139876,246500482","AGENCE DE DEV. TOURISTIQUE DE L'ARDECHE, GRENOBLE, GRENOBLE ALPES METROPOLE, NOUVELLE AQUITAINE TOURISME, OFFICE DE TOURISME METROPOLITAIN NICE COTE D'AZUR, PROVENCE TOURISME, GIRONDE TOURISME, MORBIHAN TOURISME, AGENCE DE TOURISME DE LA CORSE, COMITE REGIONAL DU TOURISME ILE DE FRANCE, HAUTE GARONNE TOURISME , HERAULT TOURISME, LOIRE ATLANTIQUE TOURISME, PAS DE CALAIS TOURISME, AUVERGNE RHONE ALPES TOURISME, CA MOULINS COMMUNAUTE, CC DU PAYS DE SALERS, CHARENTE TOURISME, NIMES METROPOLE, ALPES MARITIMES, ARDECHE, AUBE EN CHAMPAGNE TOURISME, AUVERGNE RHONE ALPES, BAINS SUR OUST, BEAUSSAIS SUR MER, BOURGOGNE FRANCHE COMTE, BREST METROPOLE, BRETAGNE, BROCAS LES FORGES, CA CAUX VALLEE DE SEINE, CA CHATEAUROUX METROPOLE, CA DE LA PRESQU'ILE DE GUERANDE ATLANTIQUE, CA DE VALENCIENNES METROPOLE, CA LANNION TREGOR COMMUNAUTE, CA LORIENT AGGLOMERATION, CC PAYS DE CHEVAGNES, CC PAYS DES SORGUES MONTS DE VAUCLUSE, CENTRE VAL DE LOIRE, CLAPIERS, CORSE, CRT BOURGOGNE FC, DIGNE LES BAINS, GERS, GRAND ANGOULEME, LOIR ET CHER, LOIRE ATLANTIQUE DEVELOPPEMENT, LOIRET, MARNES LA COQUETTE, MAISON DE L'ESTUAIRE DE LA SEINE, MARTIGUES, METROPOLE EUROPEENNE DE LILLE, METROPOLE NICE COTE D'AZUR, MONACIA D'AULLENE, NOUVELLE CALEDONIE GOUVERNEMENT, OCCITANIE, PARIS, PAYS DE LA LOIRE, PETR PAYS MIDI QUERCY, PLAINTEL, RENNES, RENNES METROPOLE, TOULOUSE, TOULOUSE METROPOLE, VAL DE CHER CONTROIS, SAINT QUENTIN, SARTHE DEVELOPPEMENT, CC HAUTE-BIGORRE",,
Transport,"Trains,Tram,Bus,Mobilité,Déplacements,Transport","220100010,784237539,213801855,200040715,200081735,794030213,253800825,200052488,410582613,807667316,568500680,830336558,487875593,804363521,572028660,523576395,844404392,814870853,844634873,789710589,250600723,815142229,493397673,489418111,325793826,256204033,318163094,200031268,256300120,200026615,200006039,200024883,200046639,200016632,520286873,256401605,380089664,243400470,780340360,534275698,256900994,200021624,310679055,287500078,340035526,775663438,317032993,314684960,945551018,253100986,552049447,450655147,241501139,243000643,216401026,241800507,226500015,200058006,244000865,246300701,252902655,249100546,378493555,200056380,219200441,200053403,244500203,200059889,217802172,217801232,210600045,219105731,218100048,244900015,220700017,219200045,221100019,218400075,213400229,226700011,213400278,200064699,212500565,213100696,214100182,214700312,219100864,213300635,243300316,200053726,242900314,233500016,214000564,200011773,200041630,241300417,200010700,243600327,246800726,243400769,200030385,248100430,200067874,248100737,200067114,244400610,247600786,244400644,245300330,245804406,200073344,200068989,248300493,246200729,200067205,200044618,242500361,200023737,242010056,200039857,200071892,200034700,200069821,248400251,200069052,200069110,200010650,200034825,247600596,243400819,248500589,241700434,200065928,200069532,200065886,200042174,200070308,240300608,200066009,200056232,240100750,200069037,200067791,243800604,200071413,241700640,200069409,200066058,200066355,243100633,240600585,200072072,245701222,241200187,240600551,200035319,248400053,247800584,200077014,214900540,221500010,213400575,211100763,247600539,200033116,241400415,200041515,200070530,248400236,243500667,242600252,200069086,242900744,234500023,217300656,200075810,216900407,221600018,232000018,222200016,217701317,213400872,213400880,245900428,200069854,200084952,200067064,210400701,218801413,218801561,222500019,216800789,215901968,200057974,219102258,222702292,222800013,246700488,222900011,‎187609110,223300013,241600253,200052264,775700198,223100017,220500011,200053742,229200506,223400011,775684483,237500079,223500018,223700014,223800012,219200409,211300470,223900010,239740012,218501914,211703004,212203855,217603513,214401200,219300456,216901165,224400028,224100016,224500017,224900019,254402738,215903501,215903600,216901231,211300553,200054807,200046977,245400676,245900410,200030195,200039865,219200482,225400019,212001630,213401722,243400017,219300480,225700012,214401093,244400404,210600888,200012508,200024933,200053791,226000016,244500468,217500016,234400034,381785120,218601946,226300010,226400018,226600013,213502388,243500139,248300543,213105554,243100518,215905993,243700754,200072064,228300018,228400016,216902569,219105210,212902399,215905126,215602061,219740115,244200770,217805514,213502883,214401846,214002792,217605526,227100013,217704451,213403017,215602434,229300082,227605409,216500595,200066876,214200594","AIN, APUR, GRENOBLE, GRENOBLE ALPES METROPOLE, NOUVELLE-AQUITAINE MOBILITES, REGIE LIGNES D'AZUR, SMTC GRENOBLE, ATOUMOD, BUS URBAINS THONONAIS (BUT), CHARTRES METROPOLE TRANSPORTS , COMPAGNIE DES TRANSPORTS STRASBOURGEOIS, EVOLITY CA MONTBELIARD, KEOLIS AGEN, KEOLIS BUS VERTS, KEOLIS CAEN, KEOLIS CHAUMONT, KEOLIS MENTON RIVIERA, KICEO CTGMVA, MALO AGGLO TRANSPORTS, ONDEA LAC DU BOURGET, PALMBUS CA CANNES PAYS DE LERINS, REGIE DES TRANSPORTS CARCASONNE AGGLO, REGIE DES TRANSPORTS DU TERRITOIRE DE BELFORT, SEM DES TRANSPORTS MONTALBANAIS, SETRAM, SI TRANSPORTS URBAINS AGGLO DU CALAISIS, SIBRA ANNECY, SM4CC, SMTC AGGLOMERATION CLERMONTOISE, SMTC DU GRAND NOUMEA, SMTC OISE MOBILITE, SMTC PAU BEARN MOBILITE, SMTC SIMOUV, SMTC TOUT'ENBUS, SOCIETE DES TRANSPORTS URBAINS DE VIERZON, SYNDICAT DES MOBILITES PAYS BASQUE-ADOUR, TRANSDEV LE HAVRE, TRANSP'OR CA PAYS DE L'OR, TRANSPORTS EN COMMUN DE L'AGGLOMERATION TROYENNE, VECTALIA PERPIGNAN MEDITERRANEE, SYTRAL, AUTOLIB VELIB METROPOLE, CITEDIA, ILE DE FRANCE MOBILITES, KEOLIS RENNES, RATP, SAEMES, SEMITAN, SOLEA, TISSEO, TRANSILIEN, VITALIS, CC DU PAYS DE SALERS, NIMES METROPOLE, BAYONNE, BOURGES PLUS AGGLOMERATION, HAUTES PYRENEES, ETP GRAND PARIS SUD EST AVENIR (GPSEA - T11), CC MAREMNE ADOUR COTE-SUD (CCMACS), CLERMONT-FERRAND METROPOLE, SMA OUEST CORNOUAILLE , CC VAL D'ESSONNE, TRANSDEV MONT BLANC BUS, CA PLAINE VALLEE, LEVALLOIS, NORMANDIE, CA MONTARGOISE ET RIVE DU LOING, CU GRAND PARIS SEINE & OISE (GPSEO), EPONE, CARRIERES-SOUS-POISSY, ANTIBES JUAN LES PINS, SAINT PIERRE DU PERRAY, ALBI, ANGERS LOIRE METROPOLE, ARDECHE, ASNIERES SUR SEINE, AUDE, AVIGNON, BAILLARGUES, BAS RHIN, BEAULIEU, BEAUSSAIS SUR MER, BESANCON, BLAGNAC, BLOIS, BOE, BONDOUFLE, BORDEAUX, BORDEAUX METROPOLE, BOURGOGNE FRANCHE COMTE, BREST METROPOLE, BRETAGNE, BROCAS LES FORGES, CA ANNEMASSE LES VOIRONS AGGLOMERATION, CA ARDENNE METROPOLE, CA ARLES CRAU CAMARGUE MONTAGNETTE, CA CAUX VALLEE DE SEINE, CA CHATEAUROUX METROPOLE, CA COLMAR, CA DE BEZIERS MEDITERRANEE, CA DE BLOIS, CA DE CASTRES MAZAMET, CA DE HAGUENAU, CA DE L'ALBIGEOIS, CA DE L'AUXERROIS, CA DE LA PRESQU'ILE DE GUERANDE ATLANTIQUE, CA DE LA REGION DIEPPOISE, CA DE LA REGION NAZAIRIENNE ET DE L'ESTUAIRE, CA DE LAVAL, CA DE NEVERS, CA DE RAMBOUILLET TERRITOIRES, CA DINAN AGGLOMERATION, CA DRACENIE PROVENCE VERDON AGGLOMERATION, CA DU BOULONNAIS, CA DU COTENTIN, CA DU DOUAISIS, CA DU GRAND BESANCON, CA DU GRAND CAHORS, CA DU PAYS AJACCIEN, CA DU PAYS DE GRASSE, CA DU SAINT QUENTINOIS, CA DURANCE LUBERON VERDON, CA FECAMP CAUX LITTORAL AGGLOMERATION, CA GRAND AVIGNON, CA GRAND BELFORT, CA GRAND CHAMBERY AGGLOMERATION, CA GRAND DOLE, CA GRAND GUERET, CA HAVRAISE, CA HERAULT MEDITERRANEE, CA LA ROCHE SUR YON , CA LA ROCHELLE, CA LANNION TREGOR COMMUNAUTE, CA LISIEUX NORMANDIE, CA LOIRE FOREZ AGGLOMERATION, CA LORIENT AGGLOMERATION, CA MACONNAIS BEAUJOLAIS , CA MONTLUÇON COMMUNAUTE, CA MULHOUSE ALSACE AGGLOMERATION, CA PARIS SACLAY, CA PAYS DE GEX , CA PAYS DE SAINT OMER, CA PAYS FOIX VARILHES, CA PORTE DE L'ISERE, CA PRIVAS CENTRE ARDECHE , CA ROYAN ATLANTIQUE, CA SAINT BRIEUC ARMOR AGGLOMERATION, CA SAINT LOUIS AGGLOMERATION, CA SETE AGGLOPOLE MEDITERRANEE, CA SICOVAL, CA SOPHIA ANTIPOLIS, CA TERRITOIRES VENDOMOIS, CA VAL DE FENSCH, CA RODEZ AGGLOMERATION, CA DE LA RIVIERA FRANCAISE, CA VAR ESTEREL MEDITERRANEE, CA VENTOUX COMTAT VENAISSIN, CA VERSAILLES GRAND PARC, CA VIENNE CONDRIEU, CANDE, CANTAL, CASTELNAU LE LEZ, CASTELNAUDARY, CC CAUX ESTUAIRE, CC CLUSES ARVE ET MONTAGNE, CC COEUR COTE FLEURIE, CC DU BASSIN DE PONT A MOUSSON , CC DU GRAND AUTUNOIS MORVAN, CC DU PAYS REUNI D'ORANGE, CC DU VAL D'ILLE AUBIGNE, CC DU VAL DE DROME EN BIOVALLEE, CC LEFF ARMOR, CC POHER COMMUNAUTE, CENTRE VAL DE LOIRE, CHAMBERY, CHAMBERY GRAND LAC ECONOMIE, CHAMPAGNE AU MONT D'OR, CHARENTE, CORSE, COTES D'ARMOR, COULOMMIERS, COURNONSEC, COURNONTERRAL, CU DE DUNKERQUE, CU DU GRAND POITIERS, CU LE HAVRE SEINE METROPOLE, DECAZEVILLE COMMUNAUTE, DIGNE LES BAINS, DOMBROT SUR VAIR, DONCIERES, DOUBS, EGUISHEIM, ENNETIERES EN WEPPES, EPT GRAND PARIS SEINE OUEST (GPSO - T3), ETIOLLES, EURE, EURE ET LOIR, EUROMETROPOLE DE STRASBOURG, FINISTERE, GIP SEINE AVAL, GIRONDE, GRAND ANGOULEME, GRAND EST, GRAND PORT MARITIME DU HAVRE, HAUTE GARONNE, HAUTES ALPES, HAUTS DE FRANCE, HAUTS DE SEINE, HERAULT, IAU ILE DE FRANCE, ILE DE FRANCE, ILE ET VILAINE, INDRE ET LOIRE, ISERE, ISSY LES MOULINEAUX, ISTRES, JURA, LA REUNION, LA ROCHE SUR YON, LA ROCHELLE, LA VICOMTE SUR RANCE, LE HAVRE, LE PELLERIN, LES LILAS, LIMONEST, LOIRE ATLANTIQUE, LOIR ET CHER, LOIRET, MAINE ET LOIRE, LILA PRESQU'ILE, LILLE, LOOS, LYON, MARSEILLE, METROPOLE AIX MARSEILLE PROVENCE, METROPOLE DE LYON, METROPOLE DU GRAND NANCY, METROPOLE EUROPEENNE DE LILLE, METROPOLE NICE COTE D'AZUR, METZ METROPOLE, MEUDON, MEURTHE ET MOSELLE, MONACIA D'AULLENE, MONTPELLIER, MONTPELLIER MEDITERRANEE METROPOLE, MONTREUIL, MOSELLE, NANTES, NANTES METROPOLE, NICE, NOUMEA , NOUVELLE CALEDONIE GOUVERNEMENT, OCCITANIE, OISE, ORLEANS METROPOLE, PARIS, PAYS DE LA LOIRE, PICARDIE NATURE, POITIERS, PUY DE DOME, PYRENEES ATLANTIQUES, PYRENEES ORIENTALES, RENNES, RENNES METROPOLE, TOULON PROVENCE MEDITERRANEE, TOULOUSE, TOULOUSE METROPOLE, TOURCOING, TOURS METROPOLE VAL DE LOIRE, VAL DE CHER CONTROIS, VAR, VAUCLUSE, VAULX EN VELIN, RIS ORANGIS, ROSCOFF, ROUBAIX, SAINT AVE, SAINT DENIS DE LA REUNION, SAINT ETIENNE METROPOLE, SAINT GERMAIN EN LAYE, SAINT MALO, SAINT NAZAIRE, SAINT PAUL LES DAX, SAINTE ADRESSE, SAONE ET LOIRE, SAVIGNY LE TEMPLE, SETE, SENE, SEINE SAINT DENIS, SEINE MARITIME, BAGNERES DE BIGORRE, CA DE CHALONS EN CHAMPAGNE, CHAZELLES-SUR-LYON",,
Urbanisme,"PLU,Cartes","220100010,784237539,213801855,200040715,213803828,243000643,225900018,241800507,244000865,246300701,200056380,217801232,130011224,306966110,244900015,218400075,211200563,226700011,213400278,200064699,213100696,214100182,243300316,219200128,242900314,233500016,214000564,200010700,200030385,244400644,245901160,248900334,242010056,200073419,200069821,200066124,248400251,247600596,241700434,200069532,200065886,200042174,200066009,200067254,200069409,243100633,248400053,247800584,211401187,221401185,213400575,244900882,200066371,241400415,248400236,243500667,241300375,200034718,213500515,213600448,214400400,245900428,200069854,200084952,210400701,222500019,200057974,200058014,246700488,219502689,223200015,223300013,241600253,200052264,223100017,220500011,200053742,229200506,223400011,775684483,237500079,223500018,223700014,219200409,239740012,213401292,213401342,213400906,217603513,214401200,219300456,213302433,216901165,224400028,224100016,224500017,215601212,224900019,225005024,215903501,215903600,216901231,399054964,211300561,225300011,216205633,200046977,245900410,200030195,200039865,212001630,213401649,213401698,213401722,243400017,219300480,216802249,213401797,219200508,214401093,244400404,210600888,219400520,200012508,509795829,200024933,200053791,226000016,244500468,217500016,234400034,213401987,381785120,213402027,251900130,252106620,218601946,200033736,213402175,213502388,243500139,248300543,213105554,243100518,243700754,228400016,213403272,213403371,213402274,219105210,215905126,219200631,213002371,219740115,213402498,213402563,213402597,213402704,213502883,214002792,227100013,213402951,229300082","AIN, APUR, GRENOBLE, GRENOBLE ALPES METROPOLE, SAINT EGREVE, NIMES METROPOLE, NORD, BOURGES PLUS AGGLOMERATION, CC MAREMNE ADOUR COTE-SUD (CCMACS), CLERMONT-FERRAND METROPOLE, CA PLAINE VALLEE, CARRIERES-SOUS-POISSY, DDT TARN ET GARONNE, ADEUPa, ANGERS LOIRE METROPOLE, AVIGNON, BARAQUEVILLE, BAS RHIN, BEAULIEU, BEAUSSAIS SUR MER, BLAGNAC, BLOIS, BORDEAUX METROPOLE, BOULOGNE BILLANCOURT, BREST METROPOLE, BRETAGNE, BROCAS LES FORGES, CA CAUX VALLEE DE SEINE, CA DE BLOIS, CA DE LA REGION NAZAIRIENNE ET DE L'ESTUAIRE, CA DE VALENCIENNES METROPOLE, CA DU GRAND SENONAIS, CA DU PAYS AJACCIEN, CA DU PUY EN VELAY, CA FECAMP CAUX LITTORAL AGGLOMERATION, CA GAILLAC GRAULHET, CA GRAND AVIGNON, CA HAVRAISE, CA LA ROCHELLE, CA LISIEUX NORMANDIE, CA LOIRE FOREZ AGGLOMERATION, CA LORIENT AGGLOMERATION, CA MULHOUSE ALSACE AGGLOMERATION, CA PAU BEARN PYRENEES, CA SAINT BRIEUC ARMOR AGGLOMERATION, CA SICOVAL, CA VENTOUX COMTAT VENAISSIN, CA VERSAILLES GRAND PARC, CAEN, CALVADOS, CASTELNAU LE LEZ, CC BAUGEOIS VALLEE, CC CAUSSES ET VALLEE DE LA DORDOGNE, CC COEUR COTE FLEURIE, CC DU PAYS REUNI D'ORANGE, CC DU VAL D'ILLE AUBIGNE, CC VALLEE DES BAUX ALPILLES, CC VITRY CHAMPAGNE ET DER, CESSON SEVIGNE, CHATEAUROUX, CHEMERE, CU DE DUNKERQUE, CU DU GRAND POITIERS, CU LE HAVRE SEINE METROPOLE, DIGNE LES BAINS, DOUBS, EPT GRAND PARIS SEINE OUEST (GPSO - T3), ETP GRAND ORLY SEINE BIEVRE (T12), EUROMETROPOLE DE STRASBOURG, GARGES-LES-GONESSE, GERS, GIRONDE, GRAND ANGOULEME, GRAND EST, HAUTE GARONNE, HAUTES ALPES, HAUTS DE FRANCE, HAUTS DE SEINE, HERAULT, IAU ILE DE FRANCE, ILE DE FRANCE, ILE ET VILAINE, INDRE ET LOIRE, ISSY LES MOULINEAUX, LA REUNION, LATTES, LAVERUNE, LE CRES, LE HAVRE, LE PELLERIN, LES LILAS, LIBOURNE, LIMONEST, LOIRE ATLANTIQUE, LOIR ET CHER, LOIRET, LORIENT, MAINE ET LOIRE, MANCHE, LILLE, LOOS, LYON, MAISON DE L'ESTUAIRE DE LA SEINE, MARTIGUES, MAYENNE, MAZINGARBE, METROPOLE DE LYON, METROPOLE EUROPEENNE DE LILLE, METROPOLE NICE COTE D'AZUR, METZ METROPOLE, MONACIA D'AULLENE, MONTAUD, MONTFERRIER SUR LEZ, MONTPELLIER, MONTPELLIER MEDITERRANEE METROPOLE, MONTREUIL, MULHOUSE, MURVIEL LES MONTPELLIER, NANTERRE, NANTES, NANTES METROPOLE, NICE, NOGENT SUR MARNE, NOUMEA , NOUVELLE AQUITAINE PIGMA , NOUVELLE CALEDONIE GOUVERNEMENT, OCCITANIE, OISE, ORLEANS METROPOLE, PARIS, PAYS DE LA LOIRE, PEROLS, PICARDIE NATURE, PIGNAN, PNR MILLEVACHES LIMOUSIN, PNR DU MORVAN, POITIERS, POLE METROPOLITAIN DU PAYS DE BREST, PRADES LE LEZ, RENNES, RENNES METROPOLE, TOULON PROVENCE MEDITERRANEE, TOULOUSE, TOULOUSE METROPOLE, TOURS METROPOLE VAL DE LOIRE, VAUCLUSE, VENDARGUES, VILLENEUVE LES MAGUELONE, RESTINCLIERES, RIS ORANGIS, ROUBAIX, RUEIL MALMAISON, SAINT BRES, SAINT DENIS DE LA REUNION, SAINT DREZERY, SAINT GENIES DES MOURGUES, SAINT GEORGES D'ORQUES, SAINT JEAN DE VEDAS, SAINT MALO, SAINT PAUL LES DAX, SAONE ET LOIRE, SAUSSAN, SEINE SAINT DENIS",,